Workbook

Sheet Instructions
A1: Front Office Draft — Instructions Welcome to the Front Office Draft. Your job is simple: Choose the hires & tools you want to build your analytics and performance department. Stay under the $10M budget. Your selections will be evaluated automatically in the background. If your build meets the performance standard, a claim code will appear. Copy the claim code and submit it in the BOW Finish Form to earn XP. Good luck. Build smart.
A2: START NOW

Sheet Activity
A1: Front Office Draft — 201 · M3 · Lesson 3
A3: Pick? | B3: Asset | C3: Cost ($M) | D3: What it helps with
A4: FALSE | B4: Elite Data Scientist | C4: 3 | D4: Better models & decision support
A5: FALSE | B5: Sports Scientist | C5: 2.5 | D5: Player health & injury reduction
A6: FALSE | B6: Veteran Scout | C6: 1.2 | D6: Player trust & qualitative insight
A7: FALSE | B7: Hybrid Quant Scout | C7: 1.5 | D7: Blend of analytics & scouting
A8: FALSE | B8: Machine Learning Engineer | C8: 2 | D8: Predictive models & automation
A9: FALSE | B9: Tech Stack Upgrade | C9: 2.3 | D9: Cleaner, faster data infrastructure
A10: FALSE | B10: Real-Time Data Pipeline | C10: 1.8 | D10: In-game strategy support
A11: FALSE | B11: Wearable Tracking System | C11: 2 | D11: Workload & recovery monitoring
A12: FALSE | B12: Culture/Communication Lead | C12: 0.9 | D12: Department alignment & buy-in
A13: FALSE | B13: Player Development Analyst | C13: 1.7 | D13: Faster improvement for young players
B15: Total Cost | C15: =SUMPRODUCT($A$4:$A$13 * $C$4:$C$13) -> 0 | E15: Budget: $10.0M
B16: Claim Code | C16: =IF(Engine!B23="PASS", Claim_Codes!B5, "")

Sheet Claim_Codes
B5: BOW-201-M3-EDGE-01

Sheet Engine
A1: Asset | B1: Selected? | C1: Cost | D1: AWA | E1: Culture Multiplier | F1: Risk Penalty | G1: Scalability Bonus | H1: AWA Used
A4: Elite Data Scientist | B4: =Activity!A4 -> FALSE | C4: =Activity!C4 -> 3 | D4: 1.8 | E4: 1.15 | F4: 0 | G4: 0.1 | H4: =IF($B4, $D4, 0) -> 0
A5: Sports Scientist | B5: =Activity!A5 -> FALSE | C5: =Activity!C5 -> 2.5 | D5: 1.2 | E5: 1.15 | F5: 0 | G5: 0.2 | H5: =IF($B5, $D5, 0) -> 0
A6: Veteran Scout | B6: =Activity!A6 -> FALSE | C6: =Activity!C6 -> 1.2 | D6: 0.2 | E6: 1.25 | F6: -0.15 | G6: 0.1 | H6: =IF($B6, $D6, 0) -> 0
A7: Hybrid Quant Scout | B7: =Activity!A7 -> FALSE | C7: =Activity!C7 -> 1.5 | D7: 0.9 | E7: 1.05 | F7: -0.15 | G7: 0.2 | H7: =IF($B7, $D7, 0) -> 0
A8: Machine Learning Engineer | B8: =Activity!A8 -> FALSE | C8: =Activity!C8 -> 2 | D8: 1.4 | E8: 1 | F8: -0.15 | G8: 0.2 | H8: =IF($B8, $D8, 0) -> 0
A9: Tech Stack Upgrade | B9: =Activity!A9 -> FALSE | C9: =Activity!C9 -> 2.3 | D9: 1 | E9: 1.05 | F9: 0 | G9: 0.2 | H9: =IF($B9, $D9, 0) -> 0
A10: Real-Time Data Pipeline | B10: =Activity!A10 -> FALSE | C10: =Activity!C10 -> 1.8 | D10: 0.7 | E10: 1.05 | F10: -0.15 | G10: 0.1 | H10: =IF($B10, $D10, 0) -> 0
A11: Wearable Tracking System | B11: =Activity!A11 -> FALSE | C11: =Activity!C11 -> 2 | D11: 0.6 | E11: 1.15 | F11: -0.15 | G11: 0.1 | H11: =IF($B11, $D11, 0) -> 0
A12: Culture/Communication Lead | B12: =Activity!A12 -> FALSE | C12: =Activity!C12 -> 0.9 | D12: 0.3 | E12: 1.25 | F12: 0 | G12: 0.2 | H12: =IF($B12, $D12, 0) -> 0
A13: Player Development Analyst | B13: =Activity!A13 -> FALSE | C13: =Activity!C13 -> 1.7 | D13: 1 | E13: 1.15 | F13: -0.15 | G13: 0.1 | H13: =IF($B13, $D13, 0) -> 0
A16: Total AWA | B16: =SUM($H$4:$H$13) -> 0
A17: Count Selected | B17: =COUNTIF($B$4:$B$13, TRUE) -> 0
A18: Culture Multiplier (avg) | B18: =IF($B$17=0, 0, SUMPRODUCT(($B$4:$B$13=TRUE)*$E$4:$E$13)/$B$17) -> 0
A19: Total Risk Penalty | B19: =SUMPRODUCT(($B$4:$B$13=TRUE)*$F$4:$F$13) -> 0
A20: Total Scalability Bonus | B20: =SUMPRODUCT(($B$4:$B$13=TRUE)*$G$4:$G$13) -> 0
A21: Total Cost | B21: =Activity!C15 -> 0
A22: Final Score | B22: =($B$16 * $B$18) + $B$20 + $B$19 -> 0
A23: Result | B23: =IF(AND($B$21<=10, $B$22>=6), "PASS", "TRY AGAIN") -> TRY AGAIN
